date,value
02-Jan-08,4
03-Jan-08,3
04-Jan-08,3
05-Jan-08,9
06-Jan-08,6
07-Jan-08,3
08-Jan-08,5
09-Jan-08,8
10-Jan-08,4
11-Jan-08,6
12-Jan-08,9
13-Jan-08,23
14-Jan-08,5
15-Jan-08,4
16-Jan-08,3
17-Jan-08,11
18-Jan-08,6
19-Jan-08,15
20-Jan-08,19
21-Jan-08,4
22-Jan-08,3
23-Jan-08,1
24-Jan-08,3
25-Jan-08,1
26-Jan-08,9
27-Jan-08,9
28-Jan-08,8
29-Jan-08,1
30-Jan-08,2
31-Jan-08,3
01-Feb-08,15
02-Feb-08,17
03-Feb-08,9
04-Feb-08,4
05-Feb-08,4
06-Feb-08,1
07-Feb-08,2
08-Feb-08,3
09-Feb-08,17
10-Feb-08,16
11-Feb-08,7
12-Feb-08,1
13-Feb-08,5
14-Feb-08,7
15-Feb-08,5
16-Feb-08,12
17-Feb-08,10
18-Feb-08,7
19-Feb-08,1
20-Feb-08,2
21-Feb-08,3
22-Feb-08,5
23-Feb-08,16
24-Feb-08,9
25-Feb-08,3
26-Feb-08,6
27-Feb-08,8
28-Feb-08,3
29-Feb-08,6
01-Mar-08,6
02-Mar-08,9
03-Mar-08,7
04-Mar-08,10
05-Mar-08,2
06-Mar-08,3
08-Mar-08,17
09-Mar-08,18
10-Mar-08,3
11-Mar-08,5
13-Mar-08,3
14-Mar-08,7
15-Mar-08,14
16-Mar-08,19
17-Mar-08,2
18-Mar-08,4
19-Mar-08,7
20-Mar-08,5
21-Mar-08,4
22-Mar-08,17
23-Mar-08,24
24-Mar-08,5
25-Mar-08,2
26-Mar-08,6
27-Mar-08,1
28-Mar-08,12
29-Mar-08,11
30-Mar-08,24
31-Mar-08,6
01-Apr-08,10
02-Apr-08,8
03-Apr-08,4
04-Apr-08,8
05-Apr-08,18
06-Apr-08,20
07-Apr-08,4
08-Apr-08,2
09-Apr-08,2
10-Apr-08,6
11-Apr-08,12
12-Apr-08,24
13-Apr-08,18
14-Apr-08,2
15-Apr-08,5
16-Apr-08,4
17-Apr-08,5
18-Apr-08,7
19-Apr-08,10
20-Apr-08,11
21-Apr-08,3
22-Apr-08,1
23-Apr-08,3
24-Apr-08,8
25-Apr-08,11
26-Apr-08,19
27-Apr-08,18
28-Apr-08,4
29-Apr-08,1
30-Apr-08,5
01-May-08,4
02-May-08,5
03-May-08,13
04-May-08,10
05-May-08,6
06-May-08,2
07-May-08,4
08-May-08,7
09-May-08,6
10-May-08,18
11-May-08,13
12-May-08,6
13-May-08,3
14-May-08,3
16-May-08,3
17-May-08,19
18-May-08,16
19-May-08,7
20-May-08,1
21-May-08,2
22-May-08,3
23-May-08,4
24-May-08,17
25-May-08,13
26-May-08,8
27-May-08,5
28-May-08,9
29-May-08,5
30-May-08,7
31-May-08,3
01-Jun-08,7
02-Jun-08,2
03-Jun-08,3
04-Jun-08,1
05-Jun-08,6
06-Jun-08,6
07-Jun-08,11
08-Jun-08,20
09-Jun-08,4
10-Jun-08,2
11-Jun-08,11
12-Jun-08,7
13-Jun-08,4
14-Jun-08,11
15-Jun-08,6
16-Jun-08,4
17-Jun-08,5
18-Jun-08,5
19-Jun-08,16
20-Jun-08,15
21-Jun-08,22
22-Jun-08,12
23-Jun-08,11
24-Jun-08,5
25-Jun-08,5
26-Jun-08,5
27-Jun-08,7
28-Jun-08,33
29-Jun-08,18
30-Jun-08,14
01-Jul-08,9
02-Jul-08,17
03-Jul-08,25
04-Jul-08,1
05-Jul-08,14
06-Jul-08,8
08-Jul-08,16
09-Jul-08,7
10-Jul-08,9
11-Jul-08,9
12-Jul-08,14
13-Jul-08,15
14-Jul-08,9
15-Jul-08,11
16-Jul-08,12
17-Jul-08,2
18-Jul-08,3
19-Jul-08,10
20-Jul-08,17
21-Jul-08,11
22-Jul-08,7
23-Jul-08,7
24-Jul-08,3
25-Jul-08,21
26-Jul-08,16
27-Jul-08,20
28-Jul-08,11
29-Jul-08,6
30-Jul-08,2
31-Jul-08,8
01-Aug-08,18
02-Aug-08,28
03-Aug-08,18
04-Aug-08,11
05-Aug-08,9
06-Aug-08,13
07-Aug-08,11
08-Aug-08,15
09-Aug-08,20
10-Aug-08,14
11-Aug-08,7
12-Aug-08,2
13-Aug-08,2
14-Aug-08,8
15-Aug-08,12
16-Aug-08,15
17-Aug-08,19
18-Aug-08,10
19-Aug-08,8
20-Aug-08,12
21-Aug-08,11
22-Aug-08,10
23-Aug-08,19
24-Aug-08,12
25-Aug-08,13
26-Aug-08,7
27-Aug-08,6
28-Aug-08,5
29-Aug-08,8
30-Aug-08,11
31-Aug-08,12
01-Sep-08,9
02-Sep-08,14
03-Sep-08,16
04-Sep-08,9
05-Sep-08,17
06-Sep-08,16
07-Sep-08,15
08-Sep-08,3
09-Sep-08,3
10-Sep-08,7
11-Sep-08,3
12-Sep-08,8
13-Sep-08,14
14-Sep-08,21
15-Sep-08,7
16-Sep-08,6
17-Sep-08,9
18-Sep-08,10
19-Sep-08,8
20-Sep-08,16
21-Sep-08,14
22-Sep-08,7
23-Sep-08,8
24-Sep-08,5
25-Sep-08,7
26-Sep-08,8
27-Sep-08,11
28-Sep-08,15
29-Sep-08,6
30-Sep-08,3
01-Oct-08,7
02-Oct-08,8
03-Oct-08,7
04-Oct-08,15
05-Oct-08,9
06-Oct-08,2
07-Oct-08,7
08-Oct-08,5
09-Oct-08,3
10-Oct-08,15
11-Oct-08,21
12-Oct-08,9
13-Oct-08,5
14-Oct-08,12
15-Oct-08,5
16-Oct-08,4
17-Oct-08,11
18-Oct-08,15
19-Oct-08,14
20-Oct-08,9
21-Oct-08,13
22-Oct-08,12
23-Oct-08,10
24-Oct-08,9
25-Oct-08,20
26-Oct-08,19
27-Oct-08,3
28-Oct-08,3
29-Oct-08,6
31-Oct-08,11
01-Nov-08,12
02-Nov-08,8
03-Nov-08,3
04-Nov-08,9
05-Nov-08,6
06-Nov-08,3
07-Nov-08,14
08-Nov-08,11
09-Nov-08,12
10-Nov-08,7
11-Nov-08,8
12-Nov-08,3
13-Nov-08,1
14-Nov-08,15
15-Nov-08,22
16-Nov-08,25
17-Nov-08,15
18-Nov-08,6
19-Nov-08,4
20-Nov-08,8
21-Nov-08,3
22-Nov-08,12
23-Nov-08,16
24-Nov-08,5
25-Nov-08,6
26-Nov-08,4
27-Nov-08,1
28-Nov-08,3
29-Nov-08,12
30-Nov-08,13
01-Dec-08,3
02-Dec-08,4
03-Dec-08,5
04-Dec-08,3
05-Dec-08,7
06-Dec-08,28
07-Dec-08,17
08-Dec-08,4
09-Dec-08,5
10-Dec-08,8
11-Dec-08,12
12-Dec-08,5
13-Dec-08,15
14-Dec-08,7
15-Dec-08,3
16-Dec-08,6
17-Dec-08,1
18-Dec-08,13
19-Dec-08,13
20-Dec-08,18
21-Dec-08,14
22-Dec-08,8
23-Dec-08,12
24-Dec-08,12
25-Dec-08,12
26-Dec-08,16
27-Dec-08,21
28-Dec-08,18
29-Dec-08,8
30-Dec-08,13
31-Dec-08,12
01-Jan-09,5
02-Jan-09,12
03-Jan-09,13
04-Jan-09,24
05-Jan-09,5
06-Jan-09,9
07-Jan-09,5
08-Jan-09,11
09-Jan-09,8
10-Jan-09,16
11-Jan-09,14
12-Jan-09,10
13-Jan-09,6
14-Jan-09,17
15-Jan-09,12
16-Jan-09,18
17-Jan-09,15
18-Jan-09,11
19-Jan-09,12
20-Jan-09,12
21-Jan-09,9
22-Jan-09,7
23-Jan-09,9
24-Jan-09,13
25-Jan-09,18
26-Jan-09,7
27-Jan-09,2
28-Jan-09,2
29-Jan-09,9
30-Jan-09,6
31-Jan-09,16
01-Feb-09,6
02-Feb-09,4
03-Feb-09,1
04-Feb-09,2
05-Feb-09,1
06-Feb-09,1
07-Feb-09,8
08-Feb-09,7
09-Feb-09,3
10-Feb-09,1
11-Feb-09,4
12-Feb-09,5
13-Feb-09,5
14-Feb-09,11
15-Feb-09,6
16-Feb-09,1
18-Feb-09,10
19-Feb-09,10
20-Feb-09,5
21-Feb-09,19
22-Feb-09,8
23-Feb-09,4
24-Feb-09,6
25-Feb-09,2
26-Feb-09,4
27-Feb-09,10
28-Feb-09,15
01-Mar-09,17
02-Mar-09,11
03-Mar-09,6
04-Mar-09,12
05-Mar-09,14
06-Mar-09,11
07-Mar-09,16
08-Mar-09,18
09-Mar-09,3
10-Mar-09,7
11-Mar-09,5
12-Mar-09,11
13-Mar-09,5
14-Mar-09,17
15-Mar-09,6
16-Mar-09,9
17-Mar-09,5
18-Mar-09,10
19-Mar-09,6
20-Mar-09,9
21-Mar-09,17
22-Mar-09,8
23-Mar-09,6
24-Mar-09,7
25-Mar-09,9
26-Mar-09,9
27-Mar-09,9
28-Mar-09,18
29-Mar-09,21
30-Mar-09,11
31-Mar-09,11
01-Apr-09,6
02-Apr-09,9
03-Apr-09,9
04-Apr-09,16
05-Apr-09,11
06-Apr-09,4
07-Apr-09,7
08-Apr-09,8
09-Apr-09,9
10-Apr-09,9
11-Apr-09,18
12-Apr-09,10
13-Apr-09,7
14-Apr-09,7
15-Apr-09,10
16-Apr-09,8
17-Apr-09,8
18-Apr-09,23
19-Apr-09,10
20-Apr-09,10
21-Apr-09,11
22-Apr-09,11
23-Apr-09,9
24-Apr-09,5
25-Apr-09,16
26-Apr-09,19
27-Apr-09,6
28-Apr-09,4
29-Apr-09,5
30-Apr-09,5
01-May-09,1
02-May-09,12
03-May-09,10
04-May-09,2
05-May-09,5
06-May-09,7
07-May-09,8
08-May-09,3
09-May-09,14
10-May-09,10
11-May-09,6
12-May-09,4
13-May-09,3
14-May-09,1
15-May-09,5
16-May-09,11
17-May-09,20
18-May-09,5
19-May-09,7
20-May-09,8
21-May-09,3
22-May-09,10
23-May-09,7
24-May-09,9
25-May-09,9
26-May-09,4
27-May-09,7
28-May-09,6
29-May-09,4
30-May-09,5
31-May-09,8
01-Jun-09,7
02-Jun-09,5
03-Jun-09,3
04-Jun-09,5
05-Jun-09,10
06-Jun-09,15
07-Jun-09,22
08-Jun-09,6
09-Jun-09,6
10-Jun-09,6
11-Jun-09,13
12-Jun-09,14
13-Jun-09,23
14-Jun-09,32
15-Jun-09,8
16-Jun-09,23
17-Jun-09,11
18-Jun-09,12
19-Jun-09,15
20-Jun-09,25
21-Jun-09,30
22-Jun-09,16
23-Jun-09,16
24-Jun-09,12
25-Jun-09,14
26-Jun-09,14
27-Jun-09,21
28-Jun-09,35
29-Jun-09,12
30-Jun-09,21
01-Jul-09,30
02-Jul-09,32
03-Jul-09,29
04-Jul-09,38
05-Jul-09,69
06-Jul-09,28
07-Jul-09,12
08-Jul-09,11
09-Jul-09,9
10-Jul-09,18
11-Jul-09,27
12-Jul-09,20
13-Jul-09,12
14-Jul-09,16
15-Jul-09,6
16-Jul-09,5
17-Jul-09,10
18-Jul-09,20
19-Jul-09,28
20-Jul-09,5
21-Jul-09,4
22-Jul-09,7
23-Jul-09,5
24-Jul-09,13
25-Jul-09,32
26-Jul-09,15
27-Jul-09,4
28-Jul-09,8
29-Jul-09,12
30-Jul-09,10
31-Jul-09,9
01-Aug-09,17
02-Aug-09,11
03-Aug-09,9
04-Aug-09,7
05-Aug-09,9
06-Aug-09,2
07-Aug-09,15
08-Aug-09,11
09-Aug-09,14
10-Aug-09,5
11-Aug-09,5
12-Aug-09,4
13-Aug-09,6
14-Aug-09,6
15-Aug-09,18
16-Aug-09,12
17-Aug-09,5
18-Aug-09,9
19-Aug-09,17
20-Aug-09,6
21-Aug-09,10
22-Aug-09,22
23-Aug-09,6
24-Aug-09,8
25-Aug-09,3
26-Aug-09,8
27-Aug-09,7
28-Aug-09,16
29-Aug-09,22
30-Aug-09,12
31-Aug-09,2
01-Sep-09,4
02-Sep-09,17
03-Sep-09,1
04-Sep-09,6
05-Sep-09,14
06-Sep-09,14
07-Sep-09,16
08-Sep-09,5
09-Sep-09,5
10-Sep-09,8
11-Sep-09,9
12-Sep-09,7
13-Sep-09,12
14-Sep-09,1
15-Sep-09,10
16-Sep-09,8
17-Sep-09,5
18-Sep-09,7
19-Sep-09,16
20-Sep-09,6
21-Sep-09,4
22-Sep-09,6
23-Sep-09,8
24-Sep-09,6
25-Sep-09,14
26-Sep-09,12
27-Sep-09,20
28-Sep-09,7
29-Sep-09,7
30-Sep-09,5
01-Oct-09,13
02-Oct-09,8
03-Oct-09,8
04-Oct-09,6
05-Oct-09,2
06-Oct-09,5
07-Oct-09,7
08-Oct-09,4
09-Oct-09,8
10-Oct-09,9
11-Oct-09,9
12-Oct-09,6
13-Oct-09,4
14-Oct-09,6
15-Oct-09,6
16-Oct-09,8
17-Oct-09,24
18-Oct-09,10
19-Oct-09,1
20-Oct-09,2
21-Oct-09,7
22-Oct-09,3
23-Oct-09,5
24-Oct-09,21
25-Oct-09,11
26-Oct-09,8
27-Oct-09,5
28-Oct-09,5
29-Oct-09,5
30-Oct-09,5
31-Oct-09,6
01-Nov-09,8
02-Nov-09,9
03-Nov-09,12
04-Nov-09,4
05-Nov-09,5
06-Nov-09,12
07-Nov-09,9
08-Nov-09,1
09-Nov-09,1
10-Nov-09,3
11-Nov-09,13
12-Nov-09,6
13-Nov-09,11
14-Nov-09,16
15-Nov-09,17
16-Nov-09,8
17-Nov-09,7
18-Nov-09,14
19-Nov-09,7
20-Nov-09,9
21-Nov-09,5
22-Nov-09,15
23-Nov-09,6
24-Nov-09,14
25-Nov-09,14
26-Nov-09,11
27-Nov-09,10
28-Nov-09,15
29-Nov-09,16
30-Nov-09,8
01-Dec-09,11
02-Dec-09,11
03-Dec-09,9
04-Dec-09,7
05-Dec-09,11
06-Dec-09,7
07-Dec-09,3
08-Dec-09,2
09-Dec-09,6
10-Dec-09,2
11-Dec-09,3
12-Dec-09,5
13-Dec-09,9
14-Dec-09,7
15-Dec-09,6
16-Dec-09,4
17-Dec-09,5
18-Dec-09,13
19-Dec-09,14
20-Dec-09,11
21-Dec-09,9
22-Dec-09,4
23-Dec-09,4
24-Dec-09,12
25-Dec-09,13
26-Dec-09,12
27-Dec-09,6
28-Dec-09,2
30-Dec-09,6
31-Dec-09,35
01-Jan-10,52
02-Jan-10,10
03-Jan-10,14
04-Jan-10,6
05-Jan-10,8
06-Jan-10,5
07-Jan-10,2
08-Jan-10,6
09-Jan-10,9
10-Jan-10,9
11-Jan-10,8
12-Jan-10,7
13-Jan-10,6
14-Jan-10,4
15-Jan-10,7
16-Jan-10,10
17-Jan-10,12
18-Jan-10,2
19-Jan-10,2
20-Jan-10,6
21-Jan-10,5
22-Jan-10,2
23-Jan-10,7
24-Jan-10,11
25-Jan-10,7
26-Jan-10,6
27-Jan-10,7
28-Jan-10,1
29-Jan-10,8
30-Jan-10,9
31-Jan-10,8
01-Feb-10,10
02-Feb-10,11
03-Feb-10,6
04-Feb-10,5
05-Feb-10,11
06-Feb-10,9
07-Feb-10,14
08-Feb-10,11
09-Feb-10,7
10-Feb-10,6
11-Feb-10,7
12-Feb-10,4
13-Feb-10,6
14-Feb-10,17
15-Feb-10,14
16-Feb-10,5
17-Feb-10,20
18-Feb-10,6
19-Feb-10,12
20-Feb-10,13
21-Feb-10,17
22-Feb-10,7
23-Feb-10,1
24-Feb-10,7
25-Feb-10,4
26-Feb-10,5
27-Feb-10,9
28-Feb-10,9
01-Mar-10,5
02-Mar-10,8
03-Mar-10,4
04-Mar-10,8
05-Mar-10,8
06-Mar-10,10
07-Mar-10,5
08-Mar-10,4
09-Mar-10,6
10-Mar-10,2
11-Mar-10,4
12-Mar-10,4
13-Mar-10,14
14-Mar-10,13
15-Mar-10,9
16-Mar-10,7
17-Mar-10,10
18-Mar-10,4
19-Mar-10,5
09-Apr-10,6
10-Apr-10,12
11-Apr-10,7
12-Apr-10,7
13-Apr-10,4
14-Apr-10,3
15-Apr-10,3
16-Apr-10,7
17-Apr-10,12
18-Apr-10,9
19-Apr-10,9
20-Apr-10,8
21-Apr-10,2
22-Apr-10,4
23-Apr-10,6
24-Apr-10,12
25-Apr-10,5
26-Apr-10,6
27-Apr-10,6
28-Apr-10,9
29-Apr-10,4
30-Apr-10,5
01-May-10,13
02-May-10,10
03-May-10,4
04-May-10,6
05-May-10,2
06-May-10,3
07-May-10,10
08-May-10,5
09-May-10,5
10-May-10,4
11-May-10,7
12-May-10,7
13-May-10,1
14-May-10,11
15-May-10,6
16-May-10,3
17-May-10,5
18-May-10,6
19-May-10,2
20-May-10,2
21-May-10,7
22-May-10,7
23-May-10,12
24-May-10,6
25-May-10,1
26-May-10,2
27-May-10,5
28-May-10,2
29-May-10,10
30-May-10,10
31-May-10,11
01-Jun-10,5
02-Jun-10,2
03-Jun-10,4
04-Jun-10,5
05-Jun-10,8
06-Jun-10,7
07-Jun-10,2
08-Jun-10,4
09-Jun-10,10
10-Jun-10,13
11-Jun-10,6
12-Jun-10,21
13-Jun-10,15
14-Jun-10,10
15-Jun-10,24
16-Jun-10,17
17-Jun-10,21
18-Jun-10,15
19-Jun-10,20
20-Jun-10,17
21-Jun-10,13
22-Jun-10,15
23-Jun-10,13
24-Jun-10,16
25-Jun-10,18
26-Jun-10,39
27-Jun-10,26
28-Jun-10,28
29-Jun-10,26
30-Jun-10,17
01-Jul-10,25
02-Jul-10,23
03-Jul-10,29
04-Jul-10,63
05-Jul-10,75
06-Jul-10,9
07-Jul-10,9
08-Jul-10,14
09-Jul-10,11
10-Jul-10,11
11-Jul-10,22
12-Jul-10,12
13-Jul-10,18
14-Jul-10,16
15-Jul-10,15
16-Jul-10,9
17-Jul-10,21
18-Jul-10,8
19-Jul-10,6
20-Jul-10,7
21-Jul-10,3
22-Jul-10,5
23-Jul-10,11
24-Jul-10,11
25-Jul-10,13
26-Jul-10,3
27-Jul-10,11
28-Jul-10,6
29-Jul-10,9
30-Jul-10,6
31-Jul-10,11
01-Aug-10,13
02-Aug-10,4
03-Aug-10,7
04-Aug-10,13
05-Aug-10,4
06-Aug-10,7
07-Aug-10,20
08-Aug-10,10
09-Aug-10,5
10-Aug-10,8
11-Aug-10,3
12-Aug-10,4
13-Aug-10,8
14-Aug-10,6
15-Aug-10,16
16-Aug-10,7
17-Aug-10,6
18-Aug-10,4
19-Aug-10,4
20-Aug-10,5
21-Aug-10,10
22-Aug-10,9
23-Aug-10,11
24-Aug-10,5
25-Aug-10,3
26-Aug-10,4
27-Aug-10,8
28-Aug-10,12
29-Aug-10,14
30-Aug-10,2
31-Aug-10,7
01-Sep-10,3
02-Sep-10,8
03-Sep-10,9
04-Sep-10,6
05-Sep-10,11
06-Sep-10,8
07-Sep-10,6
08-Sep-10,7
09-Sep-10,4
10-Sep-10,9
11-Sep-10,13
12-Sep-10,9
13-Sep-10,14
14-Sep-10,4
15-Sep-10,9
16-Sep-10,2
17-Sep-10,8
18-Sep-10,9
19-Sep-10,8
20-Sep-10,2
21-Sep-10,6
22-Sep-10,5
23-Sep-10,9
24-Sep-10,6
25-Sep-10,10
26-Sep-10,15
27-Sep-10,9
28-Sep-10,13
29-Sep-10,10
30-Sep-10,8
01-Oct-10,8
02-Oct-10,13
03-Oct-10,10
04-Oct-10,2
05-Oct-10,9
06-Oct-10,7
07-Oct-10,9
08-Oct-10,13
09-Oct-10,16
10-Oct-10,14
11-Oct-10,10
12-Oct-10,9
13-Oct-10,7
14-Oct-10,7
15-Oct-10,10
16-Oct-10,19
17-Oct-10,11
18-Oct-10,13
19-Oct-10,3
20-Oct-10,4
21-Oct-10,9
22-Oct-10,9
23-Oct-10,15
24-Oct-10,7
25-Oct-10,6
26-Oct-10,10
27-Oct-10,11
28-Oct-10,9
29-Oct-10,6
30-Oct-10,11
31-Oct-10,7
01-Nov-10,11
02-Nov-10,10
03-Nov-10,14
04-Nov-10,12
05-Nov-10,6
06-Nov-10,12
07-Nov-10,4
08-Nov-10,3
09-Nov-10,3
11-Nov-10,1
12-Nov-10,9
13-Nov-10,9
14-Nov-10,6
15-Nov-10,5
16-Nov-10,2
17-Nov-10,3
18-Nov-10,3
19-Nov-10,5
20-Nov-10,1
17-Dec-10,1
22-Dec-10,3
23-Dec-10,1
24-Dec-10,8
25-Dec-10,13
26-Dec-10,8
27-Dec-10,2
28-Dec-10,2
29-Dec-10,2
30-Dec-10,4
31-Dec-10,17
01-Jan-11,4
27-Jul-11,2
28-Jul-11,1
29-Jul-11,6
30-Jul-11,11
31-Jul-11,11
01-Aug-11,4
02-Aug-11,2
03-Aug-11,3
05-Aug-11,3
06-Aug-11,8
07-Aug-11,11
08-Aug-11,2
10-Aug-11,4
12-Aug-11,3
13-Aug-11,16
14-Aug-11,15
15-Aug-11,6
16-Aug-11,5
17-Aug-11,2
18-Aug-11,3
19-Aug-11,9
20-Aug-11,4
21-Aug-11,5
22-Aug-11,7
23-Aug-11,4
25-Aug-11,2
26-Aug-11,3
27-Aug-11,6
28-Aug-11,4
29-Aug-11,2
30-Aug-11,3
31-Aug-11,5
01-Sep-11,4
02-Sep-11,6
03-Sep-11,12
04-Sep-11,8
05-Sep-11,6
06-Sep-11,2
07-Sep-11,3
08-Sep-11,7
09-Sep-11,2
10-Sep-11,4
11-Sep-11,11
12-Sep-11,9
13-Sep-11,2
14-Sep-11,3
15-Sep-11,3
16-Sep-11,4
17-Sep-11,8
18-Sep-11,18
19-Sep-11,7
20-Sep-11,8
21-Sep-11,4
22-Sep-11,3
23-Sep-11,4
24-Sep-11,10
25-Sep-11,13
26-Sep-11,7
27-Sep-11,3
28-Sep-11,7
29-Sep-11,7
30-Sep-11,7
01-Oct-11,8
02-Oct-11,9
03-Oct-11,5
05-Oct-11,5
06-Oct-11,3
07-Oct-11,7
08-Oct-11,12
09-Oct-11,4
10-Oct-11,4
11-Oct-11,2
12-Oct-11,3
13-Oct-11,3
14-Oct-11,8
15-Oct-11,14
16-Oct-11,8
17-Oct-11,7
18-Oct-11,3
19-Oct-11,4
20-Oct-11,1
21-Oct-11,3
22-Oct-11,15
23-Oct-11,6
24-Oct-11,4
25-Oct-11,8
26-Oct-11,6
27-Oct-11,3
28-Oct-11,6
29-Oct-11,12
30-Oct-11,17
31-Oct-11,12
01-Nov-11,4
02-Nov-11,5
03-Nov-11,4
04-Nov-11,8
05-Nov-11,8
06-Nov-11,11
07-Nov-11,12
08-Nov-11,6
09-Nov-11,3
10-Nov-11,5
11-Nov-11,8
12-Nov-11,15
13-Nov-11,10
14-Nov-11,5
15-Nov-11,13
16-Nov-11,6
17-Nov-11,4
18-Nov-11,8
19-Nov-11,5
20-Nov-11,12
21-Nov-11,5
26-Nov-11,2
28-Nov-11,1
08-Dec-11,3
09-Dec-11,18
10-Dec-11,7
11-Dec-11,9
12-Dec-11,7
13-Dec-11,6
14-Dec-11,12
15-Dec-11,10
16-Dec-11,18
17-Dec-11,20
18-Dec-11,10
19-Dec-11,9
20-Dec-11,15
21-Dec-11,18
22-Dec-11,7
23-Dec-11,8
24-Dec-11,11
25-Dec-11,20
26-Dec-11,12
27-Dec-11,9
28-Dec-11,17
29-Dec-11,7
30-Dec-11,14
31-Dec-11,74
01-Jan-12,107
02-Jan-12,17
03-Jan-12,1
04-Jan-12,8
05-Jan-12,7
06-Jan-12,8
07-Jan-12,17
08-Jan-12,15
09-Jan-12,7
10-Jan-12,5
11-Jan-12,8
12-Jan-12,14
13-Jan-12,12
14-Jan-12,25
15-Jan-12,8
16-Jan-12,13
17-Jan-12,9
18-Jan-12,5
19-Jan-12,6
20-Jan-12,8
21-Jan-12,12
22-Jan-12,17
23-Jan-12,14
24-Jan-12,9
25-Jan-12,3
26-Jan-12,6
27-Jan-12,10
28-Jan-12,13
29-Jan-12,10
30-Jan-12,7
31-Jan-12,4
01-Feb-12,14
02-Feb-12,4
03-Feb-12,15
04-Feb-12,14
05-Feb-12,14
06-Feb-12,6
07-Feb-12,11
08-Feb-12,8
09-Feb-12,9
10-Feb-12,14
11-Feb-12,9
12-Feb-12,12
13-Feb-12,5
14-Feb-12,6
15-Feb-12,9
16-Feb-12,4
17-Feb-12,8
18-Feb-12,12
19-Feb-12,16
20-Feb-12,21
21-Feb-12,5
22-Feb-12,7
23-Feb-12,8
24-Feb-12,8
25-Feb-12,15
26-Feb-12,12
27-Feb-12,8
28-Feb-12,6
29-Feb-12,7
01-Mar-12,7
02-Mar-12,9
03-Mar-12,13
04-Mar-12,14
05-Mar-12,7
06-Mar-12,15
07-Mar-12,8
08-Mar-12,10
09-Mar-12,9
10-Mar-12,11
11-Mar-12,3
12-Mar-12,2
13-Mar-12,7
14-Mar-12,4
15-Mar-12,5
16-Mar-12,12
17-Mar-12,11
18-Mar-12,5
19-Mar-12,11
20-Mar-12,4
21-Mar-12,5
22-Mar-12,10
23-Mar-12,14
24-Mar-12,6
25-Mar-12,8
26-Mar-12,7
27-Mar-12,3
28-Mar-12,15
29-Mar-12,3
30-Mar-12,13
31-Mar-12,8
01-Apr-12,17
02-Apr-12,4
03-Apr-12,6
04-Apr-12,12
05-Apr-12,5
06-Apr-12,10
07-Apr-12,18
08-Apr-12,17
09-Apr-12,9
10-Apr-12,5
11-Apr-12,6
12-Apr-12,8
13-Apr-12,12
14-Apr-12,15
15-Apr-12,14
16-Apr-12,8
17-Apr-12,12
18-Apr-12,14
19-Apr-12,7
20-Apr-12,7
21-Apr-12,11
22-Apr-12,9
23-Apr-12,11
24-Apr-12,7
25-Apr-12,17
26-Apr-12,12
27-Apr-12,8
28-Apr-12,14
29-Apr-12,13
30-Apr-12,4
01-May-12,10
02-May-12,6
03-May-12,5
04-May-12,5
05-May-12,18
06-May-12,16
07-May-12,18
08-May-12,13
09-May-12,12
10-May-12,10
11-May-12,10
12-May-12,11
13-May-12,24
14-May-12,15
15-May-12,10
16-May-12,11
17-May-12,18
18-May-12,15
19-May-12,18
20-May-12,22
21-May-12,12
22-May-12,18
23-May-12,12
24-May-12,15
25-May-12,30
26-May-12,23
27-May-12,24
28-May-12,20
29-May-12,16
30-May-12,8
31-May-12,12
01-Jun-12,10
02-Jun-12,18
03-Jun-12,17
04-Jun-12,11
05-Jun-12,7
06-Jun-12,13
07-Jun-12,10
08-Jun-12,17
09-Jun-12,21
10-Jun-12,19
11-Jun-12,7
12-Jun-12,9
13-Jun-12,15
14-Jun-12,15
15-Jun-12,10
16-Jun-12,21
17-Jun-12,7
18-Jun-12,11
19-Jun-12,17
20-Jun-12,11
21-Jun-12,19
22-Jun-12,20
23-Jun-12,22
24-Jun-12,13
25-Jun-12,11
26-Jun-12,31
27-Jun-12,14
28-Jun-12,11
29-Jun-12,18
30-Jun-12,47
01-Jul-12,44
02-Jul-12,19
03-Jul-12,50
04-Jul-12,87
05-Jul-12,16
06-Jul-12,3
07-Jul-12,11
08-Jul-12,7
09-Jul-12,4
10-Jul-12,9
11-Jul-12,7
12-Jul-12,3
13-Jul-12,3
14-Jul-12,22
15-Jul-12,8
16-Jul-12,6
17-Jul-12,7
18-Jul-12,5
19-Jul-12,8
20-Jul-12,10
21-Jul-12,14
22-Jul-12,15
23-Jul-12,5
24-Jul-12,6
26-Jul-12,6
27-Jul-12,6
28-Jul-12,7
29-Jul-12,9
30-Jul-12,6
31-Jul-12,4
01-Aug-12,3
02-Aug-12,3
03-Aug-12,6
04-Aug-12,11
05-Aug-12,6
06-Aug-12,9
07-Aug-12,1
08-Aug-12,6
09-Aug-12,6
10-Aug-12,5
11-Aug-12,14
12-Aug-12,12
13-Aug-12,3
14-Aug-12,1
15-Aug-12,7
16-Aug-12,1
17-Aug-12,2
18-Aug-12,5
19-Aug-12,13
20-Aug-12,7
21-Aug-12,9
22-Aug-12,3
23-Aug-12,8
24-Aug-12,2
25-Aug-12,6
26-Aug-12,8
27-Aug-12,1
28-Aug-12,7
29-Aug-12,5
30-Aug-12,5
31-Aug-12,7
01-Sep-12,15
02-Sep-12,6
03-Sep-12,6
04-Sep-12,5
05-Sep-12,4
06-Sep-12,6
07-Sep-12,3
08-Sep-12,14
09-Sep-12,8
10-Sep-12,5
11-Sep-12,8
12-Sep-12,7
13-Sep-12,5
14-Sep-12,4
15-Sep-12,6
16-Sep-12,10
17-Sep-12,3
18-Sep-12,4
19-Sep-12,5
20-Sep-12,7
22-Sep-12,9
23-Sep-12,4
24-Sep-12,2
25-Sep-12,1
26-Sep-12,5
27-Sep-12,3
28-Sep-12,4
29-Sep-12,12
30-Sep-12,8
01-Oct-12,11
02-Oct-12,5
03-Oct-12,5
04-Oct-12,4
05-Oct-12,9
06-Oct-12,10
07-Oct-12,14
08-Oct-12,9
09-Oct-12,5
10-Oct-12,6
11-Oct-12,2
12-Oct-12,6
13-Oct-12,3
14-Oct-12,5
15-Oct-12,2
17-Oct-12,3
18-Oct-12,6
19-Oct-12,3
20-Oct-12,4
21-Oct-12,9
22-Oct-12,2
23-Oct-12,9
24-Oct-12,3
25-Oct-12,8
26-Oct-12,9
27-Oct-12,20
28-Oct-12,8
29-Oct-12,3
30-Oct-12,8
31-Oct-12,7
01-Nov-12,1
02-Nov-12,3
03-Nov-12,5
04-Nov-12,6
05-Nov-12,5
06-Nov-12,3
07-Nov-12,2
08-Nov-12,5
09-Nov-12,14
10-Nov-12,12
11-Nov-12,13
12-Nov-12,3
13-Nov-12,4
14-Nov-12,8
15-Nov-12,3
16-Nov-12,1
17-Nov-12,9
18-Nov-12,13
19-Nov-12,3
20-Nov-12,5
21-Nov-12,10
22-Nov-12,7
23-Nov-12,14
24-Nov-12,7
25-Nov-12,14
26-Nov-12,7
27-Nov-12,5
28-Nov-12,7
29-Nov-12,5
30-Nov-12,7
01-Dec-12,9
02-Dec-12,11
03-Dec-12,7
04-Dec-12,8
05-Dec-12,3
06-Dec-12,2
07-Dec-12,6
08-Dec-12,2
09-Dec-12,16
10-Dec-12,7
11-Dec-12,13
12-Dec-12,3
15-Dec-12,10
16-Dec-12,7
17-Dec-12,5
18-Dec-12,5
19-Dec-12,4
20-Dec-12,8
21-Dec-12,16
22-Dec-12,3
23-Dec-12,9
24-Dec-12,9
25-Dec-12,20
26-Dec-12,1
27-Dec-12,3
28-Dec-12,9
29-Dec-12,12
30-Dec-12,11
31-Dec-12,44
01-Jan-13,55
02-Jan-13,13
03-Jan-13,5
04-Jan-13,10
05-Jan-13,10
06-Jan-13,2
07-Jan-13,7
08-Jan-13,7
09-Jan-13,3
10-Jan-13,10
11-Jan-13,13
12-Jan-13,9
13-Jan-13,11
14-Jan-13,3
15-Jan-13,2
16-Jan-13,6
17-Jan-13,5
18-Jan-13,8
19-Jan-13,12
20-Jan-13,6
21-Jan-13,4
22-Jan-13,8
23-Jan-13,2
24-Jan-13,4
25-Jan-13,7
26-Jan-13,11
27-Jan-13,10
28-Jan-13,4
29-Jan-13,2
30-Jan-13,8
31-Jan-13,3
01-Feb-13,6
02-Feb-13,3
03-Feb-13,12
04-Feb-13,4
05-Feb-13,3
06-Feb-13,6
07-Feb-13,3
08-Feb-13,9
09-Feb-13,10
10-Feb-13,12
11-Feb-13,8
12-Feb-13,6
13-Feb-13,9
14-Feb-13,8
15-Feb-13,6
16-Feb-13,14
17-Feb-13,16
18-Feb-13,15
19-Feb-13,5
20-Feb-13,5
21-Feb-13,4
23-Feb-13,13
24-Feb-13,17
25-Feb-13,10
26-Feb-13,2
27-Feb-13,9
28-Feb-13,5
01-Mar-13,6
02-Mar-13,18
03-Mar-13,10
04-Mar-13,7
05-Mar-13,7
06-Mar-13,3
07-Mar-13,2
08-Mar-13,6
09-Mar-13,14
10-Mar-13,6
11-Mar-13,4
12-Mar-13,2
13-Mar-13,6
14-Mar-13,9
15-Mar-13,6
16-Mar-13,4
17-Mar-13,8
18-Mar-13,2
19-Mar-13,4
20-Mar-13,4
21-Mar-13,1
22-Mar-13,13
23-Mar-13,11
24-Mar-13,10
25-Mar-13,5
26-Mar-13,3
27-Mar-13,6
28-Mar-13,6
29-Mar-13,4
30-Mar-13,7
31-Mar-13,13
01-Apr-13,7
02-Apr-13,10
03-Apr-13,7
04-Apr-13,9
05-Apr-13,7
06-Apr-13,18
07-Apr-13,12
08-Apr-13,4
09-Apr-13,9
10-Apr-13,6
11-Apr-13,8
12-Apr-13,14
13-Apr-13,14
14-Apr-13,20
15-Apr-13,6
16-Apr-13,10
17-Apr-13,12
18-Apr-13,11
19-Apr-13,15
20-Apr-13,12
21-Apr-13,8
22-Apr-13,6
23-Apr-13,8
24-Apr-13,4
25-Apr-13,11
26-Apr-13,5
27-Apr-13,6
28-Apr-13,7
29-Apr-13,6
30-Apr-13,5
01-May-13,5
02-May-13,10
03-May-13,8
04-May-13,13
05-May-13,10
06-May-13,8
07-May-13,2
08-May-13,4
09-May-13,6
10-May-13,10
11-May-13,9
12-May-13,3
13-May-13,2
14-May-13,5
15-May-13,4
16-May-13,4
17-May-13,9
18-May-13,14
19-May-13,15
20-May-13,7
21-May-13,4
22-May-13,6
23-May-13,11
24-May-13,10
25-May-13,12
26-May-13,24
27-May-13,8
28-May-13,6
29-May-13,5
30-May-13,12
31-May-13,3
01-Jun-13,14
02-Jun-13,9
03-Jun-13,5
04-Jun-13,6
05-Jun-13,10
06-Jun-13,8
07-Jun-13,10
08-Jun-13,13
09-Jun-13,17
10-Jun-13,8
11-Jun-13,8
12-Jun-13,8
13-Jun-13,8
14-Jun-13,13
15-Jun-13,6
16-Jun-13,19
17-Jun-13,11
18-Jun-13,10
19-Jun-13,17
20-Jun-13,10
21-Jun-13,9
22-Jun-13,16
23-Jun-13,15
24-Jun-13,9
25-Jun-13,11
26-Jun-13,13
27-Jun-13,10
28-Jun-13,8
29-Jun-13,24
30-Jun-13,23
01-Jul-13,6
02-Jul-13,12
03-Jul-13,24
04-Jul-13,45
05-Jul-13,36
06-Jul-13,14
07-Jul-13,11
08-Jul-13,10
09-Jul-13,5
10-Jul-13,4
11-Jul-13,9
12-Jul-13,19
13-Jul-13,17
14-Jul-13,20
15-Jul-13,13
16-Jul-13,12
17-Jul-13,2
18-Jul-13,4
19-Jul-13,7
20-Jul-13,21
21-Jul-13,12
22-Jul-13,8
23-Jul-13,9
24-Jul-13,8
25-Jul-13,8
26-Jul-13,16
27-Jul-13,18
28-Jul-13,5
29-Jul-13,13
30-Jul-13,9
31-Jul-13,18
01-Aug-13,9
02-Aug-13,12
03-Aug-13,22
04-Aug-13,11
05-Aug-13,10
06-Aug-13,12
07-Aug-13,11
08-Aug-13,10
09-Aug-13,10
10-Aug-13,18
11-Aug-13,24
12-Aug-13,3
13-Aug-13,7
14-Aug-13,10
15-Aug-13,13
16-Aug-13,10
17-Aug-13,13
18-Aug-13,19
19-Aug-13,6
20-Aug-13,14
21-Aug-13,7
22-Aug-13,8
23-Aug-13,14
24-Aug-13,21
25-Aug-13,7
26-Aug-13,9
27-Aug-13,9
28-Aug-13,9
29-Aug-13,7
30-Aug-13,8
31-Aug-13,12
01-Sep-13,14
02-Sep-13,13
03-Sep-13,6
04-Sep-13,10
05-Sep-13,8
06-Sep-13,7
07-Sep-13,24
08-Sep-13,14
09-Sep-13,6
10-Sep-13,5
11-Sep-13,1
12-Sep-13,13
13-Sep-13,8
14-Sep-13,22
15-Sep-13,25
16-Sep-13,14
17-Sep-13,11
18-Sep-13,5
19-Sep-13,14
20-Sep-13,15
21-Sep-13,16
22-Sep-13,11
23-Sep-13,14
24-Sep-13,2
26-Sep-13,6
27-Sep-13,10
28-Sep-13,16
29-Sep-13,9
30-Sep-13,13
01-Oct-13,10
02-Oct-13,4
03-Oct-13,11
04-Oct-13,12
05-Oct-13,20
06-Oct-13,18
